"","lhs","rhs","support","confidence","lift"
"18","{CARRIER=DL,Weather=0,levels=level1}","{Flight.Status=0}",0.0549750113584734,0.930769230769231,1.15545576814612
"34","{CARRIER=DL,DEST=LGA,Weather=0,levels=level1}","{Flight.Status=0}",0.0549750113584734,0.930769230769231,1.15545576814612
"25","{CARRIER=US,DEST=LGA,levels=level2}","{Flight.Status=0}",0.0663334847796456,0.929936305732484,1.15442177603903
"26","{CARRIER=US,ORIGIN=DCA,levels=level2}","{Flight.Status=0}",0.0663334847796456,0.929936305732484,1.15442177603903
"41","{CARRIER=US,ORIGIN=DCA,Weather=0,levels=level1}","{Flight.Status=0}",0.0717855520218083,0.929411764705882,1.15377061145947
"12","{CARRIER=US,Weather=0}","{Flight.Status=0}",0.167651067696502,0.915632754342432,1.13666536509176
